Date,Price,AHR999
2024/08/14 00:00:52,59491.4,0.6824429216393327
2024/08/14 00:01:53,59500.1,0.6826425366273517
2024/08/14 00:02:53,59501.8,0.6826815452639995
2024/08/14 00:03:53,59520.2,0.6831038277035821
2024/08/14 00:04:53,59550.2,0.6837926116595913
2024/08/14 00:05:53,59595.9,0.6848425262871333
2024/08/14 00:06:54,59515.7,0.6830005400458907
2024/08/14 00:07:54,59609.6,0.6851574278499598
2024/08/14 00:08:54,59671.9,0.6865903384442675
2024/08/14 00:09:54,59689.1,0.6869862050348166
2024/08/14 00:10:54,59664.1,0.6864108551489623
2024/08/14 00:11:55,59661,0.6863395285598939
2024/08/14 00:12:55,59731.4,0.6879602459671573
2024/08/14 00:13:55,59724,0.6877897965730616
2024/08/14 00:14:55,59745,0.6882735593832001
2024/08/14 00:15:55,59793.9,0.6894006947299826
2024/08/14 00:16:56,59876,0.6912951573492858
2024/08/14 00:17:56,59937.9,0.6927252224526373
2024/08/14 00:18:56,59920.9,0.6923323271813665
2024/08/14 00:19:56,59927.3,0.6924802276141709
2024/08/14 00:20:57,60000,0.6941613929329704
2024/08/14 00:21:57,60036.1,0.6949969517641522
2024/08/14 00:22:57,59958.1,0.6931922193754749
2024/08/14 00:23:57,59892.1,0.6916669707095946
2024/08/14 00:24:57,59920,0.6923115299498478
2024/08/14 00:25:58,59932.1,0.6925911633049177
2024/08/14 00:26:58,59997.9,0.694112802485813
2024/08/14 00:27:58,60000,0.6941613929329704
2024/08/14 00:28:58,59955.3,0.6931274777344276
2024/08/14 00:29:59,59884.8,0.6914983721406669
2024/08/14 00:30:59,59900,0.6918494498492854
2024/08/14 00:31:59,59989.2,0.6939115173223437
2024/08/14 00:32:59,60024.1,0.6947191479119262
2024/08/14 00:34:00,60064,0.6956430603726346
2024/08/14 00:35:00,60136.1,0.6973141434792585
2024/08/14 00:36:00,60146.5,0.6975553528088364
2024/08/14 00:37:00,60267.7,0.7003694447318002
2024/08/14 00:38:00,60249.7,0.699951152100517
2024/08/14 00:39:01,60413.9,0.7037715393442694
2024/08/14 00:40:01,60469.9,0.7050768506085745
2024/08/14 00:41:01,60539.9,0.7067101903843682
2024/08/14 00:42:02,60576,0.7075532655912562
2024/08/14 00:43:03,60593.8,0.7079691497216061
2024/08/14 00:44:03,60575.8,0.7075485934300205
2024/08/14 00:45:03,60626.8,0.7087404941099644
2024/08/14 00:46:03,60657.9,0.7094678121546106
2024/08/14 00:47:03,60772.5,0.7121511168981449
2024/08/14 00:48:04,60830.1,0.7135017061813491
2024/08/14 00:49:04,60910.8,0.7153960900981764
2024/08/14 00:50:04,60973.5,0.716869668554186
2024/08/14 00:51:04,60938.9,0.7160563101940657
2024/08/14 00:52:04,60907.7,0.7153232730790375
2024/08/14 00:53:05,60861.5,0.714238503784604
2024/08/14 00:54:05,60937.6,0.7160257594859246
2024/08/14 00:55:05,60994,0.7173517894316017
2024/08/14 00:56:05,61083,0.7194467787350718
2024/08/14 00:57:05,61072,0.7191876820310465
2024/08/14 00:58:06,61100.1,0.7198496489917939
2024/08/14 00:59:06,61134,0.7206486549770064
2024/08/14 01:00:06,61176.7,0.7216557032334473
2024/08/14 01:01:06,61109.7,0.7200758711917886
2024/08/14 01:02:07,61221.5,0.7227130343179476
2024/08/14 01:03:07,61096.6,0.7197671809889624
2024/08/14 01:04:07,61029.1,0.7181776507509953
2024/08/14 01:05:07,61008.1,0.7176834885933356
2024/08/14 01:06:07,61193.7,0.7220568314902255
2024/08/14 01:07:08,61189.9,0.7219671578549637
2024/08/14 01:08:08,61122.2,0.7203704846152776
2024/08/14 01:09:08,61165.6,0.7213938502208509
2024/08/14 01:10:08,61183,0.7218043436480812
2024/08/14 01:11:08,61320.1,0.7250428331146075
2024/08/14 01:12:09,61390.2,0.7267014916617028
2024/08/14 01:13:09,61212.1,0.7224911194356733
2024/08/14 01:14:09,61321.6,0.7250783052534842
2024/08/14 01:15:09,61380,0.7264600283847487
2024/08/14 01:16:10,61428.3,0.7276037828576878
2024/08/14 01:17:10,61311.3,0.7248347473773067
2024/08/14 01:18:10,61317.8,0.7249884441869333
2024/08/14 01:19:10,61260.8,0.7236411964347036
2024/08/14 01:20:10,61329.2,0.7252580440927368
2024/08/14 01:21:11,61349.9,0.7257477088886405
2024/08/14 01:22:11,61383.1,0.7265334100386208
2024/08/14 01:23:11,61314.1,0.7249009532361188
2024/08/14 01:24:11,61163.9,0.7213537508021292
2024/08/14 01:25:12,61173.4,0.7215778500772594
2024/08/14 01:26:12,61307,0.7247330799810047
2024/08/14 01:27:12,61318.9,0.7250144560282518
2024/08/14 01:28:12,61299,0.7245439503104673
2024/08/14 01:29:13,61323.2,0.7251161431580191
2024/08/14 01:30:13,61296,0.7244730330471616
2024/08/14 01:31:13,61361,0.7260103508272293
2024/08/14 01:32:13,61345,0.7256317829699794
2024/08/14 01:33:13,61350,0.7257500748201265
2024/08/14 01:34:14,61336.8,0.7254378052068574
2024/08/14 01:35:14,61388.1,0.7266517753541821
2024/08/14 01:36:14,61410.6,0.7271845385831969
2024/08/14 01:37:14,61323,0.725111413365962
2024/08/14 01:38:14,61397.7,0.7268790637860765
2024/08/14 01:39:15,61381.8,0.7265026366357922
2024/08/14 01:40:15,61399.1,0.7269122129851958
2024/08/14 01:41:15,61490.3,0.729073274937907
2024/08/14 01:42:15,61490.2,0.7290709035958184
2024/08/14 01:43:16,61494.2,0.7291657602873886
2024/08/14 01:44:16,61524.7,0.7298892454582004
2024/08/14 01:45:16,61499.6,0.7292938266086836
2024/08/14 01:46:16,61522.8,0.7298441654122022
2024/08/14 01:47:16,61250,0.7233860696319715
2024/08/14 01:48:17,61199.9,0.7222031530606547
2024/08/14 01:49:17,61245.1,0.7232703324905011
2024/08/14 01:50:17,61199.3,0.7221889922607939
2024/08/14 01:51:17,61143.9,0.720882076619826
2024/08/14 01:52:18,60964,0.7166463016386074
2024/08/14 01:53:18,61089.3,0.719595191499477
2024/08/14 01:54:18,61065.8,0.7190416662695627
2024/08/14 01:55:18,61176.1,0.7216415478017678
2024/08/14 01:56:19,61185.4,0.721860972594078
2024/08/14 01:57:19,61179.5,0.7217217637502896
2024/08/14 01:58:19,61201.7,0.7222456362932314
2024/08/14 01:59:19,61237.9,0.7231002865507199
2024/08/14 02:00:19,61190.9,0.7219907556401294
2024/08/14 02:01:20,61057.3,0.718841507463939
2024/08/14 02:02:20,61019.7,0.7179564333312369
2024/08/14 02:03:20,61032.6,0.7182600276451439
2024/08/14 02:04:20,61016.2,0.7178740738489698
2024/08/14 02:05:20,61039.4,0.7184200876876427
2024/08/14 02:06:21,61017.8,0.7179117233118256
2024/08/14 02:07:21,61022,0.7180105578489805
2024/08/14 02:08:21,61013.9,0.7178199544757339
2024/08/14 02:09:21,61021.8,0.7180058512881913
2024/08/14 02:10:21,61087.9,0.7195622095624017
2024/08/14 02:11:22,61091.9,0.7196564456736864
2024/08/14 02:12:22,61159.7,0.721254686428137
2024/08/14 02:13:22,61168.1,0.7214528219789027
2024/08/14 02:14:22,61116,0.7202243488255761
2024/08/14 02:15:22,61101.2,0.7198755684826519
2024/08/14 02:16:23,61087,0.7195410072877103
2024/08/14 02:17:23,61046,0.718575457135064
2024/08/14 02:18:23,60960.1,0.7165546137185954
2024/08/14 02:19:23,60874.6,0.7145460062734306
2024/08/14 02:20:23,61005.8,0.7176293764046701
2024/08/14 02:21:24,60978.1,0.7169778376724141
2024/08/14 02:22:24,60911.9,0.7154219292861307
2024/08/14 02:23:24,60927.9,0.7157978247762758
2024/08/14 02:24:24,60975.1,0.7169072916697602
2024/08/14 02:25:24,61018.7,0.7179329015685327
2024/08/14 02:26:25,60986,0.7171636254166908
2024/08/14 02:27:25,60978.9,0.7169966505259692
2024/08/14 02:28:25,60919.8,0.7156075153456711
2024/08/14 02:29:25,60949.3,0.7163007393218486
2024/08/14 02:30:25,60932,0.7158941638861368
2024/08/14 02:31:26,60909,0.715353808797149
2024/08/14 02:32:26,60900,0.7151424210343695
2024/08/14 02:33:26,60898.3,0.7151024957421768
2024/08/14 02:34:26,60877.1,0.714604697474586
2024/08/14 02:35:26,60928.1,0.7158025240946478
2024/08/14 02:36:27,60949.1,0.7162960383683407
2024/08/14 02:37:27,61012,0.7177752487061326
2024/08/14 02:38:27,61074,0.7192347870518806
2024/08/14 02:39:27,61027.9,0.7181494083319495
2024/08/14 02:40:27,61116.8,0.7202432042235118
2024/08/14 02:41:28,61054.1,0.7187661607799238
2024/08/14 02:42:28,60971.1,0.7168132357319215
2024/08/14 02:43:28,60974.1,0.7168837771068326
2024/08/14 02:44:28,60967.5,0.7167285906634931
2024/08/14 02:45:28,60918.6,0.7155793235078521
2024/08/14 02:46:29,60819.6,0.7132554096495104
2024/08/14 02:47:29,60793,0.7126316487244387
2024/08/14 02:48:29,60879,0.7146493043994613
2024/08/14 02:49:29,60900,0.7151424210343695
2024/08/14 02:50:29,60850,0.7139686134011809
2024/08/14 02:51:30,60860,0.7142032977987748
2024/08/14 02:52:30,60795.5,0.7126902612539697
2024/08/14 02:53:30,60775.4,0.7122190847294669
2024/08/14 02:54:30,60895.1,0.7150273452744486
2024/08/14 02:55:30,60902,0.7151893933932485
2024/08/14 02:56:30,60856.9,0.714130541511045
2024/08/14 02:57:31,60847.5,0.7139099483274888
2024/08/14 02:58:31,60821.4,0.7132976288925093
2024/08/14 02:59:31,60810.2,0.7130349516808806
2024/08/14 03:00:31,60742.1,0.7114388217266088
2024/08/14 03:01:31,60760.4,0.7118675619785534
2024/08/14 03:02:32,60819.7,0.7132577551302305
2024/08/14 03:03:32,60792.3,0.7126152376480929
2024/08/14 03:04:32,60705.3,0.7105770465194542
2024/08/14 03:05:32,60651.4,0.7093157695123011
2024/08/14 03:06:32,60711.2,0.7107151764127634
2024/08/14 03:07:33,60604,0.708207520417
2024/08/14 03:08:33,60627.9,0.7087662128223524
2024/08/14 03:09:33,60690.9,0.7102399722982992
2024/08/14 03:10:33,60691.7,0.7102586965460088
2024/08/14 03:11:34,60684,0.7100784859064678
2024/08/14 03:12:34,60690.8,0.7102376317846895
2024/08/14 03:13:34,60666.9,0.7096783596350239
2024/08/14 03:14:34,60621.2,0.708609569717966
2024/08/14 03:15:34,60567,0.707343033607196
2024/08/14 03:16:35,60491.6,0.7055829838397656
2024/08/14 03:17:35,60522,0.7062923422458353
2024/08/14 03:18:35,60516,0.7061523090680389
2024/08/14 03:19:35,60523.3,0.7063226845975777
2024/08/14 03:20:36,60474.2,0.7051771298633435
2024/08/14 03:21:36,60264.7,0.7002997206162357
2024/08/14 03:22:36,60333.2,0.7018926197351363
2024/08/14 03:23:36,60387.9,0.7031659130693593
2024/08/14 03:24:36,60330.4,0.701827473058629
2024/08/14 03:25:37,60410,0.7036806787836523
2024/08/14 03:26:37,60477,0.7052424318160416
2024/08/14 03:27:37,60455,0.7047294264931128
2024/08/14 03:28:37,60732,0.7112022499022591
2024/08/14 03:29:37,60715.3,0.7108111728884174
2024/08/14 03:30:38,60898.1,0.7150977987222501
2024/08/14 03:31:39,60785.3,0.7124511372777712
2024/08/14 03:32:39,60732.1,0.7112045920047271
2024/08/14 03:33:39,60729.5,0.7111436985939066
2024/08/14 03:34:39,60681.8,0.7100270013519897
2024/08/14 03:35:40,60676.6,0.7099053180066734
2024/08/14 03:36:40,60689.9,0.7102165673357426
2024/08/14 03:37:40,60700,0.710452975179889
2024/08/14 03:38:40,60640.1,0.7090514880107796
2024/08/14 03:39:40,60624.4,0.7086843821753732
2024/08/14 03:40:41,60691,0.7102423128157652
2024/08/14 03:41:41,60694.1,0.7103148707700155
2024/08/14 03:42:41,60659.5,0.7095052405347755
2024/08/14 03:43:41,60671.9,0.7097953439550583
2024/08/14 03:44:41,60720,0.7109212256039441
2024/08/14 03:45:42,60735.1,0.7112748568720167
2024/08/14 03:46:42,60806.4,0.7129458400463953
2024/08/14 03:47:42,60899.8,0.7151377238833238
2024/08/14 03:48:42,60930.4,0.7158565673646566
2024/08/14 03:49:43,60967.4,0.7167262394829368
2024/08/14 03:50:43,60949.5,0.716305440290782
2024/08/14 03:51:43,60884,0.7147666976962498
2024/08/14 03:52:43,60915.6,0.7155088463428697
2024/08/14 03:53:43,60853.1,0.7140413614399593
2024/08/14 03:54:44,60855.1,0.7140882976253168
2024/08/14 03:55:44,60796.9,0.7127230853233187
2024/08/14 03:56:44,60784,0.7124206635752673
2024/08/14 03:57:44,60837.5,0.713675312135547
2024/08/14 03:58:44,60832.1,0.7135486246270265
2024/08/14 03:59:45,60806,0.7129364601982862
2024/08/14 04:00:45,60807,0.7129599099342525
2024/08/14 04:01:45,60863.9,0.7142948351667503
2024/08/14 04:02:45,60836.3,0.7136471583840499
2024/08/14 04:03:45,60832.4,0.7135556625269259
2024/08/14 04:04:46,60829.3,0.713482939235001
2024/08/14 04:05:46,60887.9,0.7148582711606176
2024/08/14 04:06:46,60866,0.7143441269483018
2024/08/14 04:07:46,60889,0.7148841006341687
2024/08/14 04:08:46,60904.9,0.7152575060536321
2024/08/14 04:09:47,60959.9,0.7165499119320939
2024/08/14 04:10:47,60905.4,0.7152692499435657
2024/08/14 04:11:47,60867.3,0.7143746417605861
2024/08/14 04:12:47,60880.5,0.7146845213761792
2024/08/14 04:13:47,60846.3,0.7138817899482491
2024/08/14 04:14:48,60827.9,0.713450097672785
2024/08/14 04:15:48,60732,0.7112022499022591
2024/08/14 04:16:48,60762.1,0.7119073968639377
2024/08/14 04:17:48,60764.6,0.7119659796023757
2024/08/14 04:18:48,60720.1,0.7109235672436378
2024/08/14 04:19:48,60684.7,0.7100948677470499
2024/08/14 04:20:49,60695.4,0.7103452994021627
2024/08/14 04:21:49,60666,0.7096573034813057
2024/08/14 04:22:49,60661.8,0.7095590455608813
2024/08/14 04:23:49,60671.7,0.7097906643971471
2024/08/14 04:24:49,60657.2,0.7094514375487327
2024/08/14 04:25:50,60583.9,0.707737828298789
2024/08/14 04:26:50,60623.4,0.7086610028582236
2024/08/14 04:27:50,60643.5,0.7091310011594557
2024/08/14 04:28:50,60668.1,0.709706434992561
2024/08/14 04:29:50,60670.9,0.7097719463197611
2024/08/14 04:30:51,60721.6,0.7109586923018179
2024/08/14 04:31:51,60757.9,0.7118089832893904
2024/08/14 04:32:51,60743.9,0.7114809871720997
2024/08/14 04:33:51,60740.9,0.7114107121237764
2024/08/14 04:34:51,60731.4,0.7111881973684367
2024/08/14 04:35:52,60724.8,0.7110336286593208
2024/08/14 04:36:52,60676.2,0.709895958181264
2024/08/14 04:37:52,60658.5,0.7094818476814788
2024/08/14 04:38:52,60668,0.7097040953582224
2024/08/14 04:39:52,60650.6,0.709297057697793
2024/08/14 04:40:53,60621,0.7086048940704974
2024/08/14 04:41:53,60656,0.7094233672354352
2024/08/14 04:42:53,60648,0.7092362460051943
2024/08/14 04:43:53,60672.3,0.709804703117158
2024/08/14 04:44:54,60712,0.7107339069233517
2024/08/14 04:45:54,60731.7,0.7111952236179939
2024/08/14 04:46:54,60693.6,0.7103031676234994
2024/08/14 04:47:54,60659.1,0.7094958833471794
2024/08/14 04:48:54,60661.2,0.7095450092704355
2024/08/14 04:49:54,60706.6,0.7106074807665956
2024/08/14 04:50:55,60716,0.7108275631784862
2024/08/14 04:51:55,60707.2,0.7106215275620171
2024/08/14 04:52:55,60668.5,0.7097157935684799
2024/08/14 04:53:55,60713.9,0.7107783928751784
2024/08/14 04:54:55,60694.1,0.7103148707700155
2024/08/14 04:55:56,60694.2,0.7103172114108882
2024/08/14 04:56:56,60636,0.7089556104372594
2024/08/14 04:57:56,60597.9,0.7080649605707906
2024/08/14 04:58:56,60586,0.7077868933209522
2024/08/14 04:59:56,60563.6,0.7072636207648412
2024/08/14 05:00:41,60572.9,0.7062354600012419
2024/08/14 05:01:41,60607.9,0.7070518443050982
2024/08/14 05:02:42,60610.2,0.7071055089296263
2024/08/14 05:03:42,60615.9,0.707238512645908
2024/08/14 05:04:42,60600,0.7068675334963607
2024/08/14 05:05:42,60545.1,0.705587353656158
2024/08/14 05:06:42,60511,0.7047927805819988
2024/08/14 05:07:43,60518.1,0.704958182651493
2024/08/14 05:08:43,60553.2,0.7057761596824507
2024/08/14 05:09:43,60608.1,0.7070565107133445
2024/08/14 05:10:43,60593.2,0.7067089054585726
2024/08/14 05:11:44,60601.2,0.7068955285273382
2024/08/14 05:12:44,60598.7,0.7068372061717052
2024/08/14 05:13:44,60645,0.7079177265423705
2024/08/14 05:14:44,60613.8,0.7071895098215787
2024/08/14 05:15:44,60631.9,0.707611923241069
2024/08/14 05:16:45,60742,0.7101841272604337
2024/08/14 05:17:45,60684.6,0.7088425412723117
2024/08/14 05:18:45,60667.2,0.7084361089325102
2024/08/14 05:19:45,60653.9,0.7081255237253545
2024/08/14 05:20:45,60642.3,0.7078546929761058
2024/08/14 05:21:46,60646.1,0.7079434076887616
2024/08/14 05:22:46,60750.6,0.7103852406863235
2024/08/14 05:23:46,60872,0.7132272517004181
2024/08/14 05:24:46,60910.4,0.7141273885467275
2024/08/14 05:25:46,60880,0.7134147333981564
2024/08/14 05:26:47,60832.5,0.7123019219644035
2024/08/14 05:27:47,60786.8,0.71123210005915
2024/08/14 05:28:47,60808.2,0.7117329668956092
2024/08/14 05:29:47,60807.8,0.7117236032818074
2024/08/14 05:30:47,60831.9,0.712287870953989
2024/08/14 05:31:48,60769.2,0.710820304314106
2024/08/14 05:32:48,60847.5,0.7126532422658274
2024/08/14 05:33:48,60895.4,0.7137757050295416
2024/08/14 05:34:48,60952,0.7151031773809214
2024/08/14 05:35:48,60964,0.7153847787344283
2024/08/14 05:36:49,61018.1,0.7166550198249347
2024/08/14 05:37:49,61064.6,0.7177477171127736
2024/08/14 05:38:49,61120.2,0.7190553467657202
2024/08/14 05:39:49,61041.2,0.7171977395940349
2024/08/14 05:40:50,61000,0.7162299154058855
2024/08/14 05:41:50,60966,0.7154317176828752
2024/08/14 05:42:50,61033.4,0.7170144605971622
2024/08/14 05:43:50,60979.7,0.7157532908809437
2024/08/14 05:44:50,60963.8,0.7153800849242763
2024/08/14 05:45:51,60992.4,0.7160514561185639
2024/08/14 05:46:51,61032.3,0.7169886154435522
2024/08/14 05:47:51,60996.7,0.7161524237734752
2024/08/14 05:48:51,61041.5,0.7172047892539566
2024/08/14 05:49:51,60995.1,0.7161148535819808
2024/08/14 05:50:52,60968.2,0.7154833523047114
2024/08/14 05:51:52,60908.8,0.7140898715113884
2024/08/14 05:52:52,60933.5,0.7146691505695661
2024/08/14 05:53:52,60933.6,0.7146714963062692
2024/08/14 05:54:52,60909.2,0.7140992506778312
2024/08/14 05:55:53,60905.6,0.7140148403972515
2024/08/14 05:56:53,60910.3,0.7141250437031464
2024/08/14 05:57:53,60948,0.7150093225820092
2024/08/14 05:58:53,61017.7,0.716645623889357
2024/08/14 05:59:53,61036.9,0.7170966982758102
2024/08/14 06:00:54,61029.3,0.7169181310285221
2024/08/14 06:01:54,61019.6,0.7166902551319277
2024/08/14 06:02:54,61014.2,0.7165634120804486
2024/08/14 06:03:54,60962.9,0.7153589629691502
2024/08/14 06:04:54,60945.3,0.7149459740747645
2024/08/14 06:05:54,60895.1,0.7137686722426955
2024/08/14 06:06:55,60745.9,0.7102753263323297
2024/08/14 06:07:55,60688.9,0.7089429994088453
2024/08/14 06:08:55,60774,0.710932600418406
2024/08/14 06:09:55,60730.7,0.7099199168566201
2024/08/14 06:10:56,60648,0.7079877671296824
2024/08/14 06:11:56,60624.2,0.7074322070905475
2024/08/14 06:12:56,60670,0.7085015039690533
2024/08/14 06:13:56,60682,0.7087818025963931
2024/08/14 06:14:56,60623.5,0.7074158703904831
2024/08/14 06:15:56,60592,0.706680914123272
2024/08/14 06:16:57,60615.7,0.7072338456371138
2024/08/14 06:17:57,60570.8,0.7061864919393752
2024/08/14 06:18:57,60475.5,0.7039660613268418
2024/08/14 06:19:57,60550.4,0.7057108905453067
2024/08/14 06:20:57,60541.4,0.7055011173319141
2024/08/14 06:21:58,60529.2,0.7052168078709432
2024/08/14 06:22:58,60591,0.7066575884339846
2024/08/14 06:23:58,60630,0.7075675755762691
2024/08/14 06:24:58,60623.2,0.7074088690053432
2024/08/14 06:25:58,60597.7,0.7068138779031431
2024/08/14 06:26:59,60610.8,0.7071195087318155
2024/08/14 06:27:59,60611.9,0.7071451753957722
2024/08/14 06:28:59,60638.7,0.7077706525866048
2024/08/14 06:29:59,60585.1,0.7065199747031788
2024/08/14 06:30:59,60592.7,0.7066972423348281
2024/08/14 06:32:00,60603.4,0.7069468541905715
2024/08/14 06:33:00,60622.6,0.7073948663390046
2024/08/14 06:34:00,60684.7,0.7088448774272021
2024/08/14 06:35:00,60691.9,0.7090130906962271
2024/08/14 06:36:00,60668.1,0.7084571284365385
2024/08/14 06:37:01,60678.4,0.7086977071874998
2024/08/14 06:38:01,60662.3,0.7083216748809504
2024/08/14 06:39:01,60641.9,0.7078453549086716
2024/08/14 06:40:01,60615.8,0.7072361791395861
2024/08/14 06:41:01,60608.1,0.7070565107133445
2024/08/14 06:42:02,60655.3,0.7081582136982854
2024/08/14 06:43:02,60610.1,0.7071031756427354
2024/08/14 06:44:02,60623,0.7074042014344984
2024/08/14 06:45:02,60628.1,0.707523229301198
2024/08/14 06:46:03,60645.9,0.707938738354771
2024/08/14 06:47:03,60618.4,0.7072968515550945
2024/08/14 06:48:03,60670,0.7085015039690533
2024/08/14 06:49:03,60658,0.7082212607768693
2024/08/14 06:50:03,60687.4,0.708907955064416
2024/08/14 06:51:04,60700.1,0.7092046912260593
2024/08/14 06:52:04,60638.5,0.7077659838223641
2024/08/14 06:53:04,60608.2,0.7070588439232423
2024/08/14 06:54:04,60560.7,0.7059510025976983
2024/08/14 06:55:04,60563.9,0.7060256088321614
2024/08/14 06:56:05,60564.9,0.7060489240888606
2024/08/14 06:57:05,60581.4,0.7064336814039135
2024/08/14 06:58:05,60594.2,0.7067322319947859
2024/08/14 06:59:05,60578,0.7063543895051865
2024/08/14 07:00:06,60584,0.7064943193880305
2024/08/14 07:01:06,60620,0.7073341897196636
2024/08/14 07:02:06,60590.8,0.7066529233423231
2024/08/14 07:03:06,60550.8,0.705720214522972
2024/08/14 07:04:06,60560,0.7059346830093886
2024/08/14 07:05:07,60546.3,0.705615323325552
2024/08/14 07:06:07,60543.6,0.7055523923489728
2024/08/14 07:07:07,60571.1,0.7061934872728437
2024/08/14 07:08:07,60595.3,0.706757891629257
2024/08/14 07:09:07,60606.7,0.7070238461789908
2024/08/14 07:10:08,60545,0.7055850228753981
2024/08/14 07:11:08,60547.2,0.7056363009413903
2024/08/14 07:12:08,60541,0.7054917948017224
2024/08/14 07:13:08,60526.4,0.7051515646035387
2024/08/14 07:14:08,60510,0.7047694860749867
2024/08/14 07:15:09,60538.6,0.7054358609140586
2024/08/14 07:16:09,60546.6,0.7056223158295176
2024/08/14 07:17:09,60547.3,0.7056386318068429
2024/08/14 07:18:09,60585.5,0.7065293040241772
2024/08/14 07:19:10,60569.4,0.706153847507965
2024/08/14 07:20:10,60549,0.7056782571085356
2024/08/14 07:21:10,60574.6,0.7062751020566707
2024/08/14 07:22:10,60559.2,0.7059160322823002
2024/08/14 07:23:10,60566,0.7060745713158656
2024/08/14 07:24:11,60550,0.7057015666292359
2024/08/14 07:25:11,60573.7,0.7062541149475616
2024/08/14 07:26:11,60564,0.7060279403405079
2024/08/14 07:27:11,60580.8,0.7064196883925311
2024/08/14 07:28:11,60502.2,0.7045878021323371
2024/08/14 07:29:12,60502,0.7045831438776783
2024/08/14 07:30:12,60500,0.7045365621780147
2024/08/14 07:31:12,60474.4,0.7039404524232381
2024/08/14 07:32:12,60513,0.7048393707509223
2024/08/14 07:33:12,60476.5,0.7039893425525147
2024/08/14 07:34:13,60488.7,0.7042734045032131
2024/08/14 07:35:13,60528.4,0.705198166629426
2024/08/14 07:36:13,60501.3,0.7045668401076364
2024/08/14 07:37:13,60490.9,0.7043246348872718
2024/08/14 07:38:13,60475.2,0.7039590770342085
2024/08/14 07:39:14,60462.6,0.703665768029823
2024/08/14 07:40:14,60468.2,0.7037961200419869
2024/08/14 07:41:14,60431.9,0.7029513741826054
2024/08/14 07:42:14,60430.2,0.7029118255161663
2024/08/14 07:43:15,60424.9,0.7027885338736881
2024/08/14 07:44:15,60434.9,0.7030211686609226
2024/08/14 07:45:15,60416.1,0.702583847105339
2024/08/14 07:46:15,60424.9,0.7027885338736881
2024/08/14 07:47:15,60437.3,0.7030770067381583
2024/08/14 07:48:16,60463.8,0.703693699587547
2024/08/14 07:49:16,60499.8,0.704531904092741
2024/08/14 07:50:16,60521.4,0.7050350662757314
2024/08/14 07:51:16,60585.9,0.7065386334067703
2024/08/14 07:52:16,60521.6,0.7050397260240598
2024/08/14 07:53:17,60532,0.7052820541564843
2024/08/14 07:54:17,60593,0.7067042401975259
2024/08/14 07:55:17,60579,0.7063777101899112
2024/08/14 07:56:17,60588.3,0.7065946109958154
2024/08/14 07:57:17,60558.2,0.7058927192199093
2024/08/14 07:58:18,60590.5,0.7066459257337032
2024/08/14 07:59:18,60600.4,0.7068768651117586
2024/08/14 08:00:18,60582,0.7064476745538837
2024/08/14 08:01:18,60567,0.7060978873809939
2024/08/14 08:02:19,60550.2,0.7057062285795719
2024/08/14 08:03:19,60502.9,0.704604106144908
2024/08/14 08:04:19,60485.3,0.7041942339381841
2024/08/14 08:05:19,60450.8,0.7033911372391242
2024/08/14 08:06:19,60452.1,0.7034213905462973
2024/08/14 08:07:20,60437,0.7030700268572394
2024/08/14 08:08:20,60505.3,0.7046600070486538
2024/08/14 08:09:20,60539.4,0.7054545052969015
2024/08/14 08:10:20,60569.4,0.706153847507965
2024/08/14 08:11:21,60602.7,0.7069305230956171
2024/08/14 08:12:21,60664,0.7083613754435667
2024/08/14 08:13:21,60590,0.7066342631296634
2024/08/14 08:14:21,60615.7,0.7072338456371138
2024/08/14 08:15:21,60628.1,0.707523229301198
2024/08/14 08:16:22,60553.3,0.7057784907788833
2024/08/14 08:17:22,60538,0.7054218777886124
2024/08/14 08:18:22,60597,0.7067975483442047
2024/08/14 08:19:22,60576.6,0.7063217411933153
2024/08/14 08:20:22,60561.9,0.7059789794736624
2024/08/14 08:21:23,60634.6,0.7076749459974782
2024/08/14 08:22:23,60662.7,0.7083310160897099
2024/08/14 08:23:23,60606.1,0.7070098473238191
2024/08/14 08:24:23,60532.2,0.7052867147209413
2024/08/14 08:25:23,60575.9,0.70630541732033
2024/08/14 08:26:24,60630.1,0.7075699096292433
2024/08/14 08:27:24,60603.8,0.7069561863295237
2024/08/14 08:28:24,60598.1,0.706823209164372
2024/08/14 08:29:24,60582.1,0.7064500067590191
2024/08/14 08:30:24,60608.1,0.7070565107133445
2024/08/14 08:31:25,60607.1,0.7070331788260986
2024/08/14 08:32:25,60672,0.7085482165572796
2024/08/14 08:33:25,60719.8,0.7096651056105527
2024/08/14 08:34:25,60698.4,0.7091649670380574
2024/08/14 08:35:25,60612.9,0.7071685091308565
2024/08/14 08:36:26,60709.9,0.7094337111791602
2024/08/14 08:37:26,60699.1,0.7091813239219081
2024/08/14 08:38:26,60723.9,0.7097609466761287
2024/08/14 08:39:26,60724.5,0.7097749727407229
2024/08/14 08:40:27,60703.2,0.709277132315389
2024/08/14 08:41:27,60760.5,0.710616790232212
2024/08/14 08:42:27,60760,0.7106050949060316
2024/08/14 08:43:27,60725.9,0.7098077007637289
2024/08/14 08:44:27,60675.9,0.708639310533359
2024/08/14 08:45:28,60700.7,0.7092187117933338
2024/08/14 08:46:28,60714.4,0.7095388857888156
2024/08/14 08:47:28,60712,0.7094827916935508
2024/08/14 08:48:28,60704,0.7092958273906024
2024/08/14 08:49:28,60759.1,0.7105840435614356
2024/08/14 08:50:28,60775.3,0.7109630154730455
2024/08/14 08:51:29,60793.4,0.7113865542069552
2024/08/14 08:52:29,60813.9,0.7118664050849263
2024/08/14 08:53:29,60827.6,0.7121871761016398
2024/08/14 08:54:29,60782.5,0.7111314798633273
2024/08/14 08:55:30,60758.1,0.710560653544269
2024/08/14 08:56:30,60760,0.7106050949060316
2024/08/14 08:57:30,60782.4,0.7111291399434659
2024/08/14 08:58:30,60808.9,0.7117493533679746
2024/08/14 08:59:30,60783.6,0.7111572192358806
2024/08/14 09:00:31,60777.9,0.711023847534104
2024/08/14 09:01:31,60796,0.7114474043845306
2024/08/14 09:02:31,60792.1,0.7113561300940571
2024/08/14 09:03:31,60768.9,0.7108132861020865
2024/08/14 09:04:32,60738.7,0.7101069633883835
2024/08/14 09:05:32,60715.7,0.7095692710162613
2024/08/14 09:06:32,60710.5,0.7094477340100369
2024/08/14 09:07:32,60714.1,0.7095318739056431
2024/08/14 09:08:32,60706.4,0.7093519140945129
2024/08/14 09:09:33,60695.5,0.7090972048144857
2024/08/14 09:10:33,60615.1,0.7072198447031237
2024/08/14 09:11:33,60640.9,0.7078220100095628
2024/08/14 09:12:33,60659.1,0.7082469474282794
2024/08/14 09:13:34,60673.8,0.7085902592032685
2024/08/14 09:14:34,60721,0.7096931559842945
2024/08/14 09:15:34,60673.9,0.7085925949423951
2024/08/14 09:16:34,60683.4,0.7088145077139008
2024/08/14 09:17:34,60649.2,0.7080157843347225
2024/08/14 09:18:35,60637.3,0.7077379715602923
2024/08/14 09:19:35,60632.9,0.7076352646754807
2024/08/14 09:20:35,60630.2,0.707572243686067
2024/08/14 09:21:35,60541.5,0.7055034479740863
2024/08/14 09:22:36,60616.7,0.7072571808350704
2024/08/14 09:23:36,60610,0.7071008423596941
2024/08/14 09:24:36,60589.7,0.7066272656134356
2024/08/14 09:25:36,60586,0.7065409657620427
2024/08/14 09:26:36,60608,0.7070541775072964
2024/08/14 09:27:37,60605.5,0.7069958486072353
2024/08/14 09:28:37,60592.6,0.7066949097216283
2024/08/14 09:29:37,60546.9,0.7056293083681306
2024/08/14 09:30:37,60573.2,0.7062424555772393
2024/08/14 09:31:37,60546.1,0.7056106616754896
2024/08/14 09:32:38,60572,0.7062144734811315
2024/08/14 09:33:38,60594.5,0.7067392300307185
2024/08/14 09:34:38,60653.9,0.7081255237253545
2024/08/14 09:35:38,60727.1,0.7098357539554243
2024/08/14 09:36:39,60707.3,0.7093729471801544
2024/08/14 09:37:39,60711.6,0.7094734428932544
2024/08/14 09:38:39,60758.1,0.710560653544269
2024/08/14 09:39:39,60723.9,0.7097609466761287
2024/08/14 09:40:39,60700.1,0.7092046912260593
2024/08/14 09:41:40,60713.4,0.7095155129796454
2024/08/14 09:42:40,60744.9,0.7102519413967194
2024/08/14 09:43:40,60777,0.7110027899876997
2024/08/14 09:44:40,60772.2,0.7108904883398842
2024/08/14 09:45:40,60730,0.7099035514573135
2024/08/14 09:46:41,60698.1,0.7091579570027234
2024/08/14 09:47:41,60663.6,0.7083520340346245
2024/08/14 09:48:41,60625.7,0.707467214940166
2024/08/14 09:49:41,60620,0.7073341897196636
2024/08/14 09:50:42,60634,0.7076609406979697
2024/08/14 09:51:42,60605,0.7069841831159478
2024/08/14 09:52:42,60620.1,0.7073365233876712
2024/08/14 09:53:42,60546.2,0.7056129924985958
2024/08/14 09:54:42,60591.2,0.7066622535410447
2024/08/14 09:55:43,60654.8,0.7081465386213356
2024/08/14 09:56:43,60628.9,0.7075419012476323
2024/08/14 09:57:43,60576.8,0.7063264051916724
2024/08/14 09:58:43,60559.1,0.7059137009587375
2024/08/14 09:59:43,60527.2,0.7051702052291097
2024/08/14 10:00:44,60546.7,0.7056246466718723
2024/08/14 10:01:44,60502.6,0.704597118687851
2024/08/14 10:02:44,60549.7,0.7056945737326042
2024/08/14 10:03:44,60510,0.7047694860749867
2024/08/14 10:04:44,60501.6,0.7045738274145562
2024/08/14 10:05:45,60504.6,0.7046437023893396
2024/08/14 10:06:45,60511.8,0.7048114164647845
2024/08/14 10:07:45,60501,0.7045598528353633
2024/08/14 10:08:45,60571.1,0.7061934872728437
2024/08/14 10:09:46,60566.8,0.706093224137171
2024/08/14 10:10:46,60656.9,0.7081955745912685
2024/08/14 10:11:46,60669.9,0.7084991683800634
2024/08/14 10:12:46,60660,0.708267964125903
2024/08/14 10:13:46,60645.9,0.707938738354771
2024/08/14 10:14:47,60661.7,0.7083076631833007
2024/08/14 10:15:47,60660,0.708267964125903
2024/08/14 10:16:47,60692.9,0.7090364552286205
2024/08/14 10:17:47,60675.4,0.7086276314912556
2024/08/14 10:18:47,60688,0.7089219726982467
2024/08/14 10:19:48,60687.6,0.7089126275936275
2024/08/14 10:20:48,60696.2,0.7091135609168546
2024/08/14 10:21:48,60677.2,0.7086696764932384
2024/08/14 10:22:48,60704.6,0.7093098488586981
2024/08/14 10:23:49,60709.8,0.7094313740541547
2024/08/14 10:24:49,60723,0.7097399078390898
2024/08/14 10:25:49,60718,0.7096230310893493
2024/08/14 10:26:49,60632.4,0.7076235939101541
2024/08/14 10:27:49,60634.1,0.7076632749049301
2024/08/14 10:28:50,60657.1,0.7082002447721852
2024/08/14 10:29:50,60643.9,0.7078920458617886
2024/08/14 10:30:50,60661.1,0.7082936516242392
2024/08/14 10:31:50,60646.5,0.7079527464029393
2024/08/14 10:32:51,60640.4,0.7078103377043707
2024/08/14 10:33:51,60663,0.7083380220367014
2024/08/14 10:34:51,60634,0.7076609406979697
2024/08/14 10:35:51,60655.3,0.7081582136982854
2024/08/14 10:36:52,60680,0.7087350823088395
2024/08/14 10:37:52,60644.8,0.7079130572930723
2024/08/14 10:38:52,60749.9,0.7103688699244354
2024/08/14 10:39:52,60756,0.7105115357612849
2024/08/14 10:40:53,60720,0.7096697806343464
2024/08/14 10:41:53,60745.8,0.7102729878214453
2024/08/14 10:42:53,60758.1,0.710560653544269
2024/08/14 10:43:53,60762.8,0.7106705899722339
2024/08/14 10:44:53,60762.3,0.7106588942033422
2024/08/14 10:45:54,60783.9,0.7111642391456019
2024/08/14 10:46:54,60805.6,0.7116721045069009
2024/08/14 10:47:54,60828,0.7121965427643754
2024/08/14 10:48:54,60820.1,0.7120115625799784
2024/08/14 10:49:54,60792.7,0.7113701719114747
2024/08/14 10:50:55,60796.4,0.7114567661812913
2024/08/14 10:51:55,60780.3,0.7110800025156485
2024/08/14 10:52:55,60812.8,0.711840652881444
2024/08/14 10:53:55,60812.2,0.711826606421332
2024/08/14 10:54:55,60820.8,0.7120279522591136
2024/08/14 10:55:56,60788.8,0.7112789025755185
2024/08/14 10:56:56,60808.3,0.711735307808684
2024/08/14 10:57:56,60783.9,0.7111642391456019
2024/08/14 10:58:56,60799.9,0.7115386845303424
2024/08/14 10:59:56,60800,0.7115410251238948
2024/08/14 11:00:57,60838,0.7124307293510127
2024/08/14 11:01:57,60900.2,0.7138882343310645
2024/08/14 11:02:57,60834.9,0.7123581273919399
2024/08/14 11:03:57,60820.1,0.7120115625799784
2024/08/14 11:04:58,60828.3,0.7122035678018485
2024/08/14 11:05:58,60852.1,0.712760997845881
2024/08/14 11:06:58,60822.4,0.7120654150911891
2024/08/14 11:07:58,60847.9,0.7126626119928952
2024/08/14 11:08:59,60836,0.7123838889539543
2024/08/14 11:09:59,60848.1,0.7126672968795269
2024/08/14 11:10:59,60877.7,0.7133608298866021
2024/08/14 11:11:59,60887.1,0.7135811440410208
2024/08/14 11:12:59,60940,0.7148216314625705
2024/08/14 11:14:00,60918,0.714305607923013
2024/08/14 11:15:00,60920.2,0.7143572018924013
2024/08/14 11:16:00,60924.6,0.7144603954208897
2024/08/14 11:17:00,60907.8,0.7140664238647576
2024/08/14 11:18:01,60927.9,0.7145377954582537
2024/08/14 11:19:01,60951.8,0.7150984844946887
2024/08/14 11:20:01,60903,0.7139538805196616
2024/08/14 11:21:01,60916.9,0.7142798116370327
2024/08/14 11:22:01,60899,0.7138601011741564
2024/08/14 11:23:02,60910,0.7141180091955008
2024/08/14 11:24:02,60941.3,0.7148521295929509
2024/08/14 11:25:02,60945.5,0.714950666460541
2024/08/14 11:26:02,60976.6,0.7156805198176974
2024/08/14 11:27:03,60979.2,0.71574155336245
2024/08/14 11:28:03,61012,0.7165117385000167
2024/08/14 11:29:03,61044,0.7172635377673516
2024/08/14 11:30:03,61055,0.7175220598100424
2024/08/14 11:31:03,61074.1,0.7179710587446746
2024/08/14 11:32:04,61101.5,0.7186154176424127
2024/08/14 11:33:04,61128.9,0.7192600655574962
2024/08/14 11:34:04,61092,0.7183919758037678
2024/08/14 11:35:04,61135.9,0.7194248029806426
2024/08/14 11:36:05,61062,0.7176865980900902
2024/08/14 11:37:05,61047.8,0.7173528401157595
2024/08/14 11:38:05,61055.6,0.717536162352054
2024/08/14 11:39:05,61070,0.7178746649366976
2024/08/14 11:40:06,61054.1,0.7175009062568775
2024/08/14 11:41:06,61059.9,0.7176372346254238
2024/08/14 11:42:06,61053,0.7174750523375832
2024/08/14 11:43:06,61057.9,0.7175902233802943
2024/08/14 11:44:06,61084.5,0.7182155988938116
2024/08/14 11:45:07,61111.8,0.7188577148909107
2024/08/14 11:46:07,61169.1,0.7202063859404606
2024/08/14 11:47:07,61266,0.7224899989260808
2024/08/14 11:48:07,61175.5,0.7203571013180617
2024/08/14 11:49:07,61184,0.720557294556933
2024/08/14 11:50:08,61198.7,0.7209035767439154
2024/08/14 11:51:08,61160.2,0.7199968235789189
2024/08/14 11:52:08,61079,0.7180862695890577
2024/08/14 11:53:08,61089.8,0.7183402363324936
2024/08/14 11:54:09,61034,0.7170285581500097
2024/08/14 11:55:09,61033.8,0.7170238589503286
2024/08/14 11:56:09,61005,0.7163473349581956
2024/08/14 11:57:09,61029.2,0.7169157816076908
2024/08/14 11:58:09,60994,0.7160890246470035
2024/08/14 11:59:10,60980,0.715760333438236
2024/08/14 12:00:10,60941.1,0.7148474375305459
2024/08/14 12:01:10,60979.9,0.7157579859152889
2024/08/14 12:02:10,60940,0.7148216314625705
2024/08/14 12:03:11,60949.9,0.7150539028434847
2024/08/14 12:04:11,60962.7,0.7153542692436907
2024/08/14 12:05:11,60955.9,0.7151946917402675
2024/08/14 12:06:11,60899.9,0.7138812009898671
2024/08/14 12:07:11,60902.4,0.7139398132251703
2024/08/14 12:08:12,60909.9,0.7141156643673183
2024/08/14 12:09:12,60949.9,0.7150539028434847
2024/08/14 12:10:12,60990.8,0.716013888575638
2024/08/14 12:11:12,60998.1,0.7161852984994623
2024/08/14 12:12:13,60992.2,0.7160467601218027
2024/08/14 12:13:13,61021.2,0.7167278404141034
2024/08/14 12:14:13,61006.7,0.7163872597983644
2024/08/14 12:15:13,61035.2,0.7170567536714683
2024/08/14 12:16:14,60997,0.716159468294096
2024/08/14 12:17:14,61013.4,0.7165446214719832
2024/08/14 12:18:14,61011.7,0.7165046922470475
2024/08/14 12:19:14,60990,0.7159951051737428
2024/08/14 12:20:14,60971.8,0.7155678493413105
2024/08/14 12:21:15,60907,0.7140476660246288
2024/08/14 12:22:15,60941.1,0.7148474375305459
2024/08/14 12:23:15,61006.2,0.7163755170828249
2024/08/14 12:24:15,61003.6,0.7163144565134335
2024/08/14 12:25:16,61023.9,0.7167912678125049
2024/08/14 12:26:16,61032.9,0.7170027127423217
2024/08/14 12:27:16,61055.8,0.7175408632301885
2024/08/14 12:28:16,61068.6,0.7178417514599967
2024/08/14 12:29:17,61134.6,0.7193942074614721
2024/08/14 12:30:17,61146.2,0.7196672366304216
2024/08/14 12:31:17,61131.1,0.7193118381435768
2024/08/14 12:32:17,61111.6,0.7188530097011527
2024/08/14 12:33:18,61103.9,0.7186718716042321
2024/08/14 12:34:18,61097.9,0.7185307408573202
2024/08/14 12:35:18,61042.6,0.7172306383034263
2024/08/14 12:36:18,61090.5,0.7183566986894279
2024/08/14 12:37:18,61115.5,0.718944763678961
2024/08/14 12:38:19,61098.7,0.7185495574895117
2024/08/14 12:39:19,61078.7,0.7180792155982647
2024/08/14 12:40:19,61108,0.7187683189186835
2024/08/14 12:41:19,61079.8,0.7181050804005581
2024/08/14 12:42:20,61052.8,0.71747035167503
2024/08/14 12:43:20,61043.8,0.7172588377977378
2024/08/14 12:44:20,61065.2,0.7177618218721914
2024/08/14 12:45:20,61087.5,0.7182861470592712
2024/08/14 12:46:20,61045.9,0.7173081882466914
2024/08/14 12:47:21,61026.8,0.7168593966626406
2024/08/14 12:48:21,61027,0.7168640953233688
2024/08/14 12:49:21,61018,0.7166526708352658
2024/08/14 12:50:21,60991,0.7160185844646083
2024/08/14 12:51:22,60985.1,0.7158800622131898
2024/08/14 12:52:22,61007.9,0.7164154427083251
2024/08/14 12:53:22,61016,0.7166056918503173
2024/08/14 12:54:22,60999.8,0.7162252188239757
2024/08/14 12:55:22,60990.1,0.7159974530855058
2024/08/14 12:56:23,60927.7,0.7145331044275586
2024/08/14 12:57:23,60913.8,0.7142071155190375
2024/08/14 12:58:23,60920,0.7143525114545546
2024/08/14 12:59:23,60928,0.7145401409793756
2024/08/14 13:00:23,60902,0.7139304351058359
2024/08/14 13:01:24,60892.9,0.7137170995311497
2024/08/14 13:02:24,60871.8,0.7132225649736471
2024/08/14 13:03:24,60900,0.7138835454330832
2024/08/14 13:04:24,60901.6,0.713921057048096
2024/08/14 13:05:25,60874.1,0.7132764632612079
2024/08/14 13:06:25,60881.9,0.7134592639219779
2024/08/14 13:07:25,60890.5,0.7136608405162956
2024/08/14 13:08:25,60905.3,0.7140078064324086
2024/08/14 13:09:25,60909.8,0.7141133195429854
2024/08/14 13:10:26,60984.8,0.715873019066899
2024/08/14 13:11:26,60960.1,0.7152932522139949
2024/08/14 13:12:26,60965.9,0.7154293706988811
2024/08/14 13:13:26,60966,0.7154317176828752
2024/08/14 13:14:26,61010.7,0.7164812049873781
2024/08/14 13:15:27,61042.3,0.7172235885164658
2024/08/14 13:16:27,61035.2,0.7170567536714683
2024/08/14 13:17:27,60990.3,0.716002148920581
2024/08/14 13:18:27,60983.6,0.7158448468282059
2024/08/14 13:19:28,61029.5,0.7169228298817334
2024/08/14 13:20:28,60966,0.7154317176828752
2024/08/14 13:21:28,60954.1,0.7151524536160597
2024/08/14 13:22:28,60966.7,0.7154481466786249
2024/08/14 13:23:28,60930.8,0.7146058171337544
2024/08/14 13:24:29,60920,0.7143525114545546
2024/08/14 13:25:29,60980.4,0.7157697235685209
2024/08/14 13:26:29,60932.4,0.7146433477199094
2024/08/14 13:27:29,60898.1,0.7138390016702685
2024/08/14 13:28:30,60908.1,0.7140734581183252
2024/08/14 13:29:30,60910.1,0.7141203540275329
2024/08/14 13:30:30,60910.4,0.7141273885467275
2024/08/14 13:31:30,60881.6,0.7134522326942457
2024/08/14 13:32:31,60900.3,0.7138905787858297
2024/08/14 13:33:31,60933.7,0.714673842046822
2024/08/14 13:34:31,60923.7,0.7144392870473768
2024/08/14 13:35:31,60935.4,0.7147137202252184
2024/08/14 13:36:31,60944,0.7149154739425589
2024/08/14 13:37:32,60881,0.7134381703427223
2024/08/14 13:38:32,60902.4,0.7139398132251703
2024/08/14 13:39:32,60905.4,0.7140101510835065
2024/08/14 13:40:32,60921.2,0.7143806543126148
2024/08/14 13:41:32,60915.9,0.7142563608721744
2024/08/14 13:42:33,60901.1,0.7139093345625388
2024/08/14 13:43:33,60888.1,0.713604583718848
2024/08/14 13:44:33,60880.8,0.7134334829230119
2024/08/14 13:45:33,60894.1,0.713745229870104
2024/08/14 13:46:33,60866.2,0.7130913428759117
2024/08/14 13:47:34,60853.4,0.7127914519861552
2024/08/14 13:48:34,60850,0.7127118040705372
2024/08/14 13:49:34,60849.9,0.712709461552153
2024/08/14 13:50:34,60894,0.713742885654018
2024/08/14 13:51:35,60874.5,0.7132858370843176
2024/08/14 13:52:35,60850.1,0.7127141465927712
2024/08/14 13:53:35,60886,0.7135553608400473
2024/08/14 13:54:35,60839.6,0.7124682027773624
2024/08/14 13:55:35,60837.1,0.712409650981778
2024/08/14 13:56:36,60810.1,0.7117774449023196
2024/08/14 13:57:36,60814.1,0.7118710873537868
2024/08/14 13:58:36,60827.9,0.712194201092917
2024/08/14 13:59:36,60835.4,0.7123698371351106
2024/08/14 14:00:36,60809.5,0.7117633990658532
2024/08/14 14:01:37,60818.7,0.7119787837876086
2024/08/14 14:02:37,60758.1,0.710560653544269
2024/08/14 14:03:37,60789.4,0.7112929436307027
2024/08/14 14:04:37,60786.4,0.7112227397406602
2024/08/14 14:05:38,60773.4,0.7109185629203109
2024/08/14 14:06:38,60647,0.7079644198822788
2024/08/14 14:07:38,60762.4,0.7106612333494212
2024/08/14 14:08:38,60789,0.7112835829118479
2024/08/14 14:09:39,60700.6,0.7092163750224972
2024/08/14 14:10:39,60774.4,0.7109419588274626
2024/08/14 14:11:39,60789.5,0.7112952838200406
2024/08/14 14:12:39,60710,0.7094360483080155
2024/08/14 14:13:39,60712.2,0.7094874661167969
2024/08/14 14:14:40,60691,0.7089920629462193
2024/08/14 14:15:40,60717.4,0.709609006526124
2024/08/14 14:16:40,60725,0.7097866612337504
2024/08/14 14:17:40,60733.1,0.7099760282291753
2024/08/14 14:18:40,60744.6,0.7102449259911047
2024/08/14 14:19:41,60729.9,0.7099012135585254
2024/08/14 14:20:41,60723.4,0.7097492583948327
2024/08/14 14:21:41,60773.9,0.7109302608257659
2024/08/14 14:22:41,60840.1,0.7124799134252041
2024/08/14 14:23:42,60894,0.713742885654018
2024/08/14 14:24:42,60841.4,0.7125103615600031
2024/08/14 14:25:42,60817.9,0.7119600533878822
2024/08/14 14:26:42,60833.2,0.7123183149850465
2024/08/14 14:27:42,60811.9,0.7118195832432465
2024/08/14 14:28:43,60778.3,0.7110332065437082
2024/08/14 14:29:43,60789.8,0.7113023044111522
2024/08/14 14:30:43,60800.1,0.711543365721297
2024/08/14 14:31:43,60791.8,0.7113491092373189
2024/08/14 14:32:44,60838.6,0.7124447817704039
2024/08/14 14:33:44,60790,0.7113069848244747
2024/08/14 14:34:44,60792,0.7113537898046279
2024/08/14 14:35:44,60763,0.7106752683067382
2024/08/14 14:36:45,60776.9,0.7110004502795699
2024/08/14 14:37:45,60782.2,0.711124460115292
2024/08/14 14:38:45,60786.1,0.7112157195422143
2024/08/14 14:39:45,60774.6,0.7109466380550888
2024/08/14 14:40:45,60760.2,0.7106097730249546
2024/08/14 14:41:46,60762,0.710651876788203
2024/08/14 14:42:46,60776.1,0.7109817327531184
2024/08/14 14:43:46,60779.6,0.7110636237503096
2024/08/14 14:44:46,60780.2,0.7110776626804796
2024/08/14 14:45:47,60763,0.7106752683067382
2024/08/14 14:46:47,60758.4,0.7105676705089975
2024/08/14 14:47:47,60762.7,0.7106682508107561
2024/08/14 14:48:47,60735.1,0.7100227894001564
2024/08/14 14:49:48,60757.8,0.7105536366141877
2024/08/14 14:50:49,60806.8,0.7117001945167791
2024/08/14 14:51:49,60836.1,0.7123862309372355
2024/08/14 14:52:49,60855,0.7128289348980763
2024/08/14 14:53:49,60844.6,0.7125853135866506
2024/08/14 14:54:50,60858.3,0.7129062465163664
2024/08/14 14:55:50,60848.8,0.7126836941040028
2024/08/14 14:56:50,60868,0.7131335200907418
2024/08/14 14:57:50,60855.5,0.7128406485101588
2024/08/14 14:58:51,60869,0.7131569524157112
2024/08/14 14:59:51,60862.1,0.7129952772094116
2024/08/14 15:00:51,60815.2,0.7118968401077708
2024/08/14 15:01:51,60848,0.7126649544342862
2024/08/14 15:02:52,60806,0.7116814677819322
2024/08/14 15:03:52,60823.1,0.71208180539012
2024/08/14 15:04:53,60785.8,0.7112086993784154
2024/08/14 15:05:53,60737,0.7100672139388889
2024/08/14 15:06:53,60720.9,0.7096908184319762
2024/08/14 15:07:54,60732.7,0.7099666761797627
2024/08/14 15:08:54,60754.2,0.7104694361556734
2024/08/14 15:09:54,60744.6,0.7102449259911047
2024/08/14 15:10:54,60713.8,0.7095248620571175
2024/08/14 15:11:55,60700,0.7092023544783207
2024/08/14 15:12:55,60714.5,0.7095412230909056
2024/08/14 15:13:55,60745.4,0.7102636338164038
2024/08/14 15:14:55,60755.4,0.7104975024208267
2024/08/14 15:15:55,60726.9,0.7098310783849785
2024/08/14 15:16:56,60736.2,0.7100485087005636
2024/08/14 15:17:56,60778.5,0.7110378860716082
2024/08/14 15:18:56,60811.8,0.711817242191584
2024/08/14 15:19:56,60836.9,0.7124049669420723
2024/08/14 15:20:56,60849.9,0.712709461552153
2024/08/14 15:21:57,60804.8,0.7116533781416218
2024/08/14 15:22:57,60793,0.7113771928721541
2024/08/14 15:23:57,60778.2,0.7110308667855326
2024/08/14 15:24:57,60804.1,0.7116369927741099
2024/08/14 15:25:58,60788.2,0.7112648616589219
2024/08/14 15:26:58,60775.2,0.7109606758303598
2024/08/14 15:27:58,60784.1,0.7111689191046642
2024/08/14 15:28:58,60758.9,0.7105793655272049
2024/08/14 15:29:59,60743.1,0.7102098494827357
2024/08/14 15:30:59,60758.1,0.710560653544269
2024/08/14 15:31:59,60789.1,0.711285923085787
2024/08/14 15:32:59,60794.3,0.7114076174354628
2024/08/14 15:33:59,60787.3,0.7112438005438798
2024/08/14 15:35:00,60798.3,0.7115012355570559
2024/08/14 15:36:00,60783.9,0.7111642391456019
2024/08/14 15:37:00,60810,0.7117751039199511
2024/08/14 15:38:00,60834.8,0.7123557854548547
2024/08/14 15:39:01,60838.8,0.7124494659409984
2024/08/14 15:40:01,60826,0.7121497100666442
2024/08/14 15:41:01,60835.2,0.7123651532262932
2024/08/14 15:42:01,60835.2,0.7123651532262932
2024/08/14 15:43:02,60871.9,0.7132249083351079
2024/08/14 15:44:02,60838.2,0.7124354134754111
2024/08/14 15:45:02,60841.5,0.712512703751166
2024/08/14 15:46:02,60856.3,0.7128593904896736
2024/08/14 15:47:03,60860.1,0.7129484182569745
2024/08/14 15:48:03,60877.5,0.7133561427209694
2024/08/14 15:49:03,60888.5,0.7136139596977693
2024/08/14 15:50:03,60908.7,0.7140875267294016
2024/08/14 15:51:04,60900,0.7138835454330832
2024/08/14 15:52:04,60890.3,0.7136561523651491
2024/08/14 15:53:04,60910,0.7141180091955008
2024/08/14 15:54:04,60937.2,0.7147559453914581
2024/08/14 15:55:05,60928.2,0.7145448320331683
2024/08/14 15:56:05,60939.2,0.714802863705708
2024/08/14 15:57:05,60879.7,0.713407702389855
2024/08/14 15:58:05,60900,0.7138835454330832
2024/08/14 15:59:05,60915.2,0.7142399455658285
2024/08/14 16:00:06,60922.9,0.714420524310476
2024/08/14 16:01:06,60891.3,0.7136795932748686
2024/08/14 16:02:06,60866.8,0.7131054018089339
2024/08/14 16:03:06,60864.2,0.7130444807667505
2024/08/14 16:04:07,60850.1,0.7127141465927712
2024/08/14 16:05:07,60830.4,0.7122527440342751
2024/08/14 16:06:07,60823.6,0.7120935128619892
2024/08/14 16:07:07,60835.9,0.7123815469745229
2024/08/14 16:08:08,60832.7,0.7123066056653388
2024/08/14 16:09:08,60858.4,0.7129085893581224
2024/08/14 16:10:08,60893,0.7137194437048894
2024/08/14 16:11:08,60880.9,0.7134358266309423
2024/08/14 16:12:08,60893.2,0.7137241320639177
2024/08/14 16:13:09,60746.3,0.7102846804143647
2024/08/14 16:14:09,60762,0.710651876788203
2024/08/14 16:15:09,60783.4,0.7111525393153149
2024/08/14 16:16:09,60650,0.7080344627793889
2024/08/14 16:17:10,60687.2,0.7089032825506028
2024/08/14 16:18:10,60708.2,0.7093939805776186
2024/08/14 16:19:10,60714.4,0.7095388857888156
2024/08/14 16:20:10,60716.9,0.7095973194959686
2024/08/14 16:21:11,60722.1,0.7097188693138735
2024/08/14 16:22:11,60745.9,0.7102753263323297
2024/08/14 16:23:11,60741,0.710160743826192
2024/08/14 16:24:11,60806.6,0.7116955128099693
2024/08/14 16:25:12,60868.1,0.713135863305915
2024/08/14 16:26:12,60862.3,0.7129999631893479
2024/08/14 16:27:12,60874.2,0.7132788067112107
2024/08/14 16:28:12,60845.9,0.7126157639735028
2024/08/14 16:29:13,60854.9,0.7128265921872087
2024/08/14 16:30:13,60879.1,0.7133936404771932
2024/08/14 16:31:13,60861.2,0.7129741904902565
2024/08/14 16:32:13,60842.5,0.7125361258745271
2024/08/14 16:33:13,60847.5,0.7126532422658274
2024/08/14 16:34:14,60918,0.714305607923013
2024/08/14 16:35:14,60901.9,0.7139280905856265
2024/08/14 16:36:14,60909,0.7140945610869105
2024/08/14 16:37:15,60880.4,0.7134241081297867
2024/08/14 16:38:15,60884.3,0.7135155149911262
2024/08/14 16:39:15,60902.6,0.7139445023079354
2024/08/14 16:40:15,60875.4,0.71330692841152
2024/08/14 16:41:15,60886.2,0.7135600486601227
2024/08/14 16:42:16,60856,0.712852362218483
2024/08/14 16:43:16,60883.5,0.713496764388365
2024/08/14 16:44:16,60866.1,0.7130889997338818
2024/08/14 16:45:16,60830.2,0.7122480605104241
2024/08/14 16:46:17,60880,0.7134147333981564
2024/08/14 16:47:17,60875,0.7132975544498223
2024/08/14 16:48:17,60880,0.7134147333981564
2024/08/14 16:49:17,60882,0.7134616076722546
2024/08/14 16:50:18,60873.6,0.713264746068938
2024/08/14 16:51:18,60869.9,0.7131780418373301
2024/08/14 16:52:18,60868.5,0.7131452362051057
2024/08/14 16:53:18,60884.5,0.7135202026803131
2024/08/14 16:54:18,60850,0.7127118040705372
2024/08/14 16:55:19,60886.8,0.7135741122127413
2024/08/14 16:56:19,60853.3,0.7127891093368824
2024/08/14 16:57:19,60873,0.7132506855652533
2024/08/14 16:58:19,60887.9,0.7135998957524853
2024/08/14 16:59:20,60896.9,0.7138108694834758
2024/08/14 17:00:20,60897.9,0.7138343129339731
2024/08/14 17:01:20,60888.2,0.7136069277078038
2024/08/14 17:02:20,60883.2,0.7134897329758488
2024/08/14 17:03:21,60864.9,0.7130608823297974
2024/08/14 17:04:21,60886.2,0.7135600486601227
2024/08/14 17:05:21,60899.9,0.7138812009898671
2024/08/14 17:06:21,60935.9,0.7147254493129487
2024/08/14 17:07:21,60943,0.7148920127451124
2024/08/14 17:08:22,60974.9,0.7156406146762573
2024/08/14 17:09:22,60937.1,0.7147535995161672
2024/08/14 17:10:22,60904,0.7139773263184539
2024/08/14 17:11:22,60883.2,0.7134897329758488
2024/08/14 17:12:23,60851.7,0.7127516274720699
2024/08/14 17:13:23,60839.9,0.7124752291545186
2024/08/14 17:14:23,60863.5,0.7130280793923374
2024/08/14 17:15:23,60867.1,0.7131124313274153
2024/08/14 17:16:24,60860,0.7129460753497742
2024/08/14 17:17:24,60865.1,0.7130655685253148
2024/08/14 17:18:24,60870.5,0.7131921016249775
2024/08/14 17:19:24,60880.2,0.7134194207562723
2024/08/14 17:20:24,60830.1,0.7122457187542731
2024/08/14 17:21:25,60874.3,0.7132811501650634
2024/08/14 17:22:25,60869.9,0.7131780418373301
2024/08/14 17:23:25,60840.6,0.7124916241692874
2024/08/14 17:24:25,60871.7,0.713220221616036
2024/08/14 17:25:26,60887.2,0.71358348799148
2024/08/14 17:26:26,60883,0.7134850453867532
2024/08/14 17:27:26,60894,0.713742885654018
2024/08/14 17:28:26,60913.9,0.7142094604973569
2024/08/14 17:29:27,60913,0.7141883558310701
2024/08/14 17:30:27,60896.1,0.7137921150002535
2024/08/14 17:31:27,60920,0.7143525114545546
2024/08/14 17:32:27,60876.7,0.7133373942124253
2024/08/14 17:33:28,60863.1,0.7130187072630796
2024/08/14 17:34:28,60879.6,0.7134053587281206
2024/08/14 17:35:28,60844,0.7125712597813805
2024/08/14 17:36:28,60873.9,0.713271776372751
2024/08/14 17:37:28,60888,0.7136022397337418
2024/08/14 17:38:29,60843,0.71254783708057
2024/08/14 17:39:29,60854,0.7128055079626358
2024/08/14 17:40:29,60873,0.7132506855652533
2024/08/14 17:41:29,60850,0.7127118040705372
2024/08/14 17:42:30,60864.8,0.7130585392378131
2024/08/14 17:43:30,60842,0.7125244147647257
2024/08/14 17:44:30,60862.4,0.7130023061850904
2024/08/14 17:45:30,60842,0.7125244147647257
2024/08/14 17:46:30,60850.6,0.7127258592616864
2024/08/14 17:47:31,60853.4,0.7127914519861552
2024/08/14 17:48:31,60849.9,0.712709461552153
2024/08/14 17:49:31,60847.8,0.7126602695553538
2024/08/14 17:50:31,60861.5,0.7129812193619945
2024/08/14 17:51:32,60870.8,0.7131991315707719
2024/08/14 17:52:32,60886.8,0.7135741122127413
2024/08/14 17:53:32,60878,0.7133678606639237
2024/08/14 17:54:32,60864.1,0.713042137701714
2024/08/14 17:55:32,60876.2,0.713325676519699
2024/08/14 17:56:33,60875.9,0.7133186459502596
2024/08/14 17:57:33,60850.1,0.7127141465927712
2024/08/14 17:58:33,60867,0.7131100881507385
2024/08/14 17:59:33,60876.3,0.7133280200505452
2024/08/14 18:00:34,60849.9,0.712709461552153
2024/08/14 18:01:34,60899.9,0.7138812009898671
2024/08/14 18:02:34,60964.1,0.715387125645279
2024/08/14 18:03:34,60942.1,0.7148708979965566
2024/08/14 18:04:34,60946,0.7149623974923514
2024/08/14 18:05:35,60985.8,0.7158964963559398
2024/08/14 18:06:35,60996.2,0.7161406829827676
2024/08/14 18:07:35,61019.9,0.7166973022972674
2024/08/14 18:08:35,61038.9,0.7171436933523526
2024/08/14 18:09:36,61044.8,0.7172823377997937
2024/08/14 18:10:36,61022.7,0.7167630775111901
2024/08/14 18:11:36,61068.3,0.7178346986702988
2024/08/14 18:12:36,61080.1,0.71811213451839
2024/08/14 18:13:36,61061.3,0.7176701434132347
2024/08/14 18:14:37,61023.1,0.7167724742167004
2024/08/14 18:15:37,61019,0.7166761609051896
2024/08/14 18:16:37,61056.8,0.7175643678518407
2024/08/14 18:17:37,61087.4,0.7182837953979359
2024/08/14 18:18:37,61033.9,0.7170262085482444
2024/08/14 18:19:38,61091.2,0.718373161234996
2024/08/14 18:20:38,61122.1,0.7191000529804898
2024/08/14 18:21:38,61198,0.7208870852296287
2024/08/14 18:22:38,61183.4,0.7205431623571129
2024/08/14 18:23:39,61180,0.7204630825092375
2024/08/14 18:24:39,61199.9,0.7209318483501258
2024/08/14 18:25:39,61174.5,0.7203335510009025
2024/08/14 18:26:39,61213.5,0.7212522986301905
2024/08/14 18:27:40,61206.6,0.7210897083396013
2024/08/14 18:28:40,61196,0.7208399676567901
2024/08/14 18:29:40,61194,0.720792851623817
2024/08/14 18:30:40,61193.4,0.7207787171141988
2024/08/14 18:31:41,61161.9,0.7200368499886125
2024/08/14 18:32:41,61167.9,0.7201781285626071
2024/08/14 18:33:41,61190.6,0.7207127579017538
2024/08/14 18:34:41,61242,0.7219240614180353
2024/08/14 18:35:41,61264.9,0.7224640552749775
2024/08/14 18:36:42,61249,0.7220891036190501
2024/08/14 18:37:42,61244.2,0.721975929791446
2024/08/14 18:38:42,61244.3,0.7219782874890542
2024/08/14 18:39:42,61279,0.7227966409940153
2024/08/14 18:40:43,61281.9,0.7228650546384155
2024/08/14 18:41:43,61246,0.7220183689373885
2024/08/14 18:42:43,61276,0.722725871665381
2024/08/14 18:43:43,61287.9,0.7230066103881903
2024/08/14 18:44:44,61312,0.7235753322790097
2024/08/14 18:45:44,61245.2,0.7219995069407609
2024/08/14 18:46:44,61214.8,0.7212829336353607
2024/08/14 18:47:44,61174.4,0.7203311959903597
2024/08/14 18:48:45,61171.1,0.720253482802109
2024/08/14 18:49:45,61214.3,0.7212711508640712
2024/08/14 18:50:45,61221.7,0.7214455457073464
2024/08/14 18:51:45,61232,0.7216883195672978
2024/08/14 18:52:45,61180,0.7204630825092375
2024/08/14 18:53:46,61174.6,0.7203359060152947
2024/08/14 18:54:46,61168.8,0.7201993215440269
2024/08/14 18:55:46,61151.6,0.7197943540859231
2024/08/14 18:56:46,61151.6,0.7197943540859231
2024/08/14 18:57:46,61125.5,0.7191800570438873
2024/08/14 18:58:47,61088.9,0.718319070722182
2024/08/14 18:59:47,61115.3,0.7189400582043282
2024/08/14 19:00:47,61072.1,0.7179240365665004
2024/08/14 19:01:47,60993,0.7160655442012388
2024/08/14 19:02:48,61021.9,0.7167442842849534
2024/08/14 19:03:48,61040.1,0.7171718911374133
2024/08/14 19:04:48,61039.8,0.7171648416391778
2024/08/14 19:05:48,61037.8,0.717117845869696
2024/08/14 19:06:49,61007.7,0.7164107455181683
2024/08/14 19:07:49,60895.1,0.7137686722426955
2024/08/14 19:08:49,60893.6,0.7137335088281705
2024/08/14 19:09:49,60893,0.7137194437048894
2024/08/14 19:10:49,60910,0.7141180091955008
2024/08/14 19:11:50,60932.5,0.7146456934142663
2024/08/14 19:12:50,60955.8,0.7151923451450894
2024/08/14 19:13:50,60948,0.7150093225820092
2024/08/14 19:14:50,60975,0.7156429620067212
2024/08/14 19:15:50,60952.1,0.7151055238298123
2024/08/14 19:16:51,60934.1,0.7146832250475299
2024/08/14 19:17:51,60952.1,0.7151055238298123
2024/08/14 19:18:51,60952.7,0.7151196026040006
2024/08/14 19:19:51,60906.5,0.7140359424996622
2024/08/14 19:20:52,60902.6,0.7139445023079354
2024/08/14 19:21:52,60910,0.7141180091955008
2024/08/14 19:22:52,60922,0.7143994165259616
2024/08/14 19:23:52,60945.1,0.7149412817043864
2024/08/14 19:24:52,60974.2,0.7156241834708007
2024/08/14 19:25:53,61027.9,0.7168852394872043
2024/08/14 19:26:53,61046,0.7173105383104164
2024/08/14 19:27:53,61051.2,0.7174327469289549
2024/08/14 19:28:53,61110.2,0.718820073804011
2024/08/14 19:29:54,61092,0.7183919758037678
2024/08/14 19:30:54,61064,0.7177336124919438
2024/08/14 19:31:54,61109.9,0.7188130162099329
2024/08/14 19:32:54,61141.4,0.7195542527606191
2024/08/14 19:33:54,61162,0.7200392045179475
2024/08/14 19:34:55,61188.1,0.7206538682981873
2024/08/14 19:35:55,61151.5,0.7197919999569533
2024/08/14 19:36:55,61165.6,0.7201239701378773
2024/08/14 19:37:55,61189.9,0.7206962685702264
2024/08/14 19:38:56,61248,0.7220655250068633
2024/08/14 19:39:56,61299.9,0.7232897634641069
2024/08/14 19:40:56,61353,0.7245433812028216
2024/08/14 19:41:56,61312.4,0.7235847735328274
2024/08/14 19:42:56,61332.9,0.7240687202604008
2024/08/14 19:43:57,61329.4,0.7239860837566024
2024/08/14 19:44:57,61340.4,0.7242458143626883
2024/08/14 19:45:57,61338.9,0.7242103938098822
2024/08/14 19:46:57,61357.8,0.7246567560752581
2024/08/14 19:47:58,61377.9,0.7251316096894931
2024/08/14 19:48:58,61404.1,0.7257508066007003
2024/08/14 19:49:58,61359,0.724685101179246
2024/08/14 19:50:58,61331.5,0.7240356650929809
2024/08/14 19:51:58,61354.6,0.7245811718414531
2024/08/14 19:52:59,61363.4,0.7247890379699877
2024/08/14 19:53:59,61341.2,0.7242647056783538
2024/08/14 19:54:59,61308.9,0.7235021646503654
2024/08/14 19:55:59,61234.1,0.7217378221626567
2024/08/14 19:57:00,61241.6,0.7219146310048703
2024/08/14 19:58:00,61292.3,0.7231104267460555
2024/08/14 19:59:00,61254.3,0.7222140766906541
2024/08/14 20:00:00,61291.9,0.7231009885873675
2024/08/14 20:01:00,61275.9,0.7227235127474299
2024/08/14 20:02:01,61237.4,0.721815615385414
2024/08/14 20:03:01,61239.4,0.7218627648334672
2024/08/14 20:04:01,61249.8,0.7221079667859756
2024/08/14 20:05:02,61266.6,0.7225041502048336
2024/08/14 20:06:02,61267.8,0.7225324531781032
2024/08/14 20:07:02,61326,0.7239058128114251
2024/08/14 20:08:02,61350,0.724472526411655
2024/08/14 20:09:03,61319.5,0.72375236603782
2024/08/14 20:10:03,61285.5,0.7229499864252257
2024/08/14 20:11:03,61333.2,0.7240758036087285
2024/08/14 20:12:03,61345.9,0.7243756971335799
2024/08/14 20:13:04,61305.7,0.7234266406560967
2024/08/14 20:14:04,61235.9,0.7217802543099107
2024/08/14 20:15:04,61219.9,0.7214031233998328
2024/08/14 20:16:04,61229.9,0.7216388186696406
2024/08/14 20:17:05,61295.7,0.723190653581787
2024/08/14 20:18:05,61330,0.7240002496794756
2024/08/14 20:19:06,61316.6,0.7236839104166877
2024/08/14 20:20:06,61350,0.724472526411655
2024/08/14 20:21:06,61342.3,0.724290681639684
2024/08/14 20:22:07,61383.9,0.7252733871798921
2024/08/14 20:23:07,61431.3,0.7263939165597714
2024/08/14 20:24:07,61445.7,0.7267345018432275
2024/08/14 20:25:07,61433.6,0.7264483102412941
2024/08/14 20:26:07,61424.1,0.7262236538530273
2024/08/14 20:27:08,61391.5,0.7254529918961254
2024/08/14 20:28:08,61406.3,0.7258028122608151
2024/08/14 20:29:08,61463.1,0.7271461488988641
2024/08/14 20:30:09,61543.9,0.7290592326104766
2024/08/14 20:31:09,61304,0.7233865201375265
2024/08/14 20:32:09,61114,0.7189094729945569
2024/08/14 20:33:09,61073.4,0.717954600807154
2024/08/14 20:34:10,61251,0.7221362619983229
2024/08/14 20:35:10,61168,0.7201804833229217
2024/08/14 20:36:10,61204,0.7210284471873372
2024/08/14 20:37:10,61146.6,0.7196766523532702
2024/08/14 20:38:11,61390.3,0.7254246317784495
2024/08/14 20:39:11,61313.4,0.7236083769368481
2024/08/14 20:40:11,61325,0.7238822045568284
2024/08/14 20:41:11,61279.9,0.7228178724682216
2024/08/14 20:42:12,61348.9,0.72444654718966
2024/08/14 20:43:12,61374.1,0.7250418244469806
2024/08/14 20:44:12,61458.9,0.7270467751452016
2024/08/14 20:45:12,61226.1,0.7215492499322099
2024/08/14 20:46:12,61185.8,0.7205996919879204
2024/08/14 20:47:13,61293.7,0.7231434607865214
2024/08/14 20:48:13,61216.9,0.7213324223257346
2024/08/14 20:49:13,61149,0.7197331479838485
2024/08/14 20:50:13,61235.5,0.7217708248360636
2024/08/14 20:51:14,61173,0.7202982262469754
2024/08/14 20:52:14,61042,0.7172165387641524
2024/08/14 20:53:14,60853.9,0.7128031652902649
2024/08/14 20:54:14,61058.2,0.7175972749688972
2024/08/14 20:55:14,60989.9,0.7159927572658292
2024/08/14 20:56:15,60995.9,0.7161336385545389
2024/08/14 20:57:15,61020,0.7166996513600798
2024/08/14 20:58:15,61046,0.7173105383104164
2024/08/14 20:59:15,61061,0.7176630914666127
2024/08/14 21:00:16,61055.5,0.7175338119187612
2024/08/14 21:01:16,61134.1,0.7193824401273337
2024/08/14 21:02:16,61164,0.7200862959130734
2024/08/14 21:03:16,61074.9,0.7179898680471067
2024/08/14 21:04:17,61088,0.7182979054236933
2024/08/14 21:05:17,61024.8,0.7168124109022842
2024/08/14 21:06:17,60932,0.7146339649809788
2024/08/14 21:07:17,60923.9,0.7144439777700988
2024/08/14 21:08:18,60934,0.7146808792915785
2024/08/14 21:09:18,60928.4,0.7145495231023601
2024/08/14 21:10:18,60934.9,0.7147019912337296
2024/08/14 21:11:18,60948.2,0.7150140151756675
2024/08/14 21:12:18,60908,0.7140711133632863
2024/08/14 21:13:19,60856,0.712852362218483
2024/08/14 21:14:19,60732,0.7099503102415032
2024/08/14 21:15:19,60772.8,0.7109045255608037
2024/08/14 21:16:19,60678,0.7086883635611514
2024/08/14 21:17:20,60719.9,0.7096674431205248
2024/08/14 21:18:20,60856.1,0.7128547049716969
2024/08/14 21:19:20,60873.6,0.713264746068938
2024/08/14 21:20:20,60853.1,0.7127844240498854
2024/08/14 21:21:21,60823,0.7120794639072953
2024/08/14 21:22:21,60823.1,0.71208180539012
2024/08/14 21:23:21,60818,0.711962394674374
2024/08/14 21:24:21,60811.9,0.7118195832432465
2024/08/14 21:25:22,60814,0.7118687462174317
2024/08/14 21:26:22,60753.1,0.7104437092329321
2024/08/14 21:27:22,60704,0.7092958273906024
2024/08/14 21:28:22,60722.3,0.7097235445147518
2024/08/14 21:29:22,60772.1,0.7108881488165382
2024/08/14 21:30:23,60791.8,0.7113491092373189
2024/08/14 21:31:23,60914,0.7142118054795259
2024/08/14 21:32:23,60900.2,0.7138882343310645
2024/08/14 21:33:23,60760.1,0.7106074339635683
2024/08/14 21:34:24,60662.7,0.7083310160897099
2024/08/14 21:35:24,60557.9,0.7058857253762607
2024/08/14 21:36:24,60548.5,0.705666602492548
2024/08/14 21:37:24,60562,0.7059813109050154
2024/08/14 21:38:25,60606.7,0.7070238461789908
2024/08/14 21:39:25,60546.6,0.7056223158295176
2024/08/14 21:40:25,60517.8,0.7049511934389897
2024/08/14 21:41:26,60432,0.7029537006093958
2024/08/14 21:42:26,60354.8,0.7011588448101584
2024/08/14 21:43:26,60330.5,0.7005943584732337
2024/08/14 21:44:26,60169,0.6968485069573322
2024/08/14 21:45:28,60219.9,0.6980280044315695
2024/08/14 21:46:28,60243.7,0.6985798601934862
2024/08/14 21:47:28,60162.1,0.6966886911385581
2024/08/14 21:48:28,60135.4,0.696070446085552
2024/08/14 21:49:28,60055,0.6942104217947759
2024/08/14 21:50:29,60027.9,0.693584034060332
2024/08/14 21:51:29,59940.2,0.6915588795633061
2024/08/14 21:52:29,59834.9,0.6891312204728199
2024/08/14 21:53:29,59734.6,0.6868228041699784
2024/08/14 21:54:30,59912.9,0.6909290765920877
2024/08/14 21:55:30,59751.2,0.687204587683409
2024/08/14 21:56:30,59705,0.6861422967923161
2024/08/14 21:57:31,59638.8,0.6846215719588525
2024/08/14 21:58:31,59486,0.6811179412409792
2024/08/14 21:59:32,59625.4,0.6843139568345442
2024/08/14 22:00:32,59488,0.6811637422288618
2024/08/14 22:01:32,59491.7,0.6812484781159147
2024/08/14 22:02:32,59334.1,0.6776438559695324
2024/08/14 22:03:33,59498.1,0.6813950607410382
2024/08/14 22:04:33,59540,0.6823551084065798
2024/08/14 22:05:33,59455.1,0.68041051165852
2024/08/14 22:06:33,59453.9,0.6803830460794786
2024/08/14 22:07:34,59444,0.6801564762043635
2024/08/14 22:08:34,59425.9,0.6797423399427602
2024/08/14 22:09:34,59444,0.6801564762043635
2024/08/14 22:10:34,59248,0.6756786183222366
2024/08/14 22:11:35,58992.2,0.6698568022276743
2024/08/14 22:12:35,59093.9,0.6721684013400001
2024/08/14 22:13:36,58974.7,0.6694594359553995
2024/08/14 22:14:36,59050,0.6711700840106345
2024/08/14 22:15:36,59221.5,0.6750743285885564
2024/08/14 22:16:36,59158.3,0.6736342457770453
2024/08/14 22:17:37,59199.9,0.6745819754294671
2024/08/14 22:18:37,59225.4,0.6751632448291777
2024/08/14 22:19:37,59284,0.6764999733117513
2024/08/14 22:20:38,59246.2,0.6756375636693165
2024/08/14 22:21:38,59109.9,0.6725324372343281
2024/08/14 22:22:38,59125.2,0.6728806387365496
2024/08/14 22:23:38,59283.9,0.6764976910790992
2024/08/14 22:24:39,59372.1,0.6785121159534608
2024/08/14 22:25:39,59419.9,0.6796050850371752
2024/08/14 22:26:39,59368.1,0.6784206939879663
2024/08/14 22:27:40,59314,0.6771848169197113
2024/08/14 22:28:40,59323,0.6773903375636958
2024/08/14 22:29:40,59476.8,0.6809072765301865
2024/08/14 22:30:40,59475,0.68086606333272
2024/08/14 22:31:41,59449.7,0.6802869209183521
2024/08/14 22:32:41,59437.6,0.680010026869993
2024/08/14 22:33:41,59442.1,0.680112997412491
2024/08/14 22:34:41,59258.5,0.6759181286568068
2024/08/14 22:35:41,59211.9,0.674855482788232
2024/08/14 22:36:42,59229.2,0.675249886798251
2024/08/14 22:37:42,59191.7,0.6743951106172249
2024/08/14 22:38:42,59172.9,0.673966786557035
2024/08/14 22:39:42,59197.6,0.6745295595164755
2024/08/14 22:40:43,59303.3,0.6769405162831706
2024/08/14 22:41:43,59418.7,0.6795776357191127
2024/08/14 22:42:43,59363.6,0.6783178516392666
2024/08/14 22:43:43,59256.4,0.6758702231944895
2024/08/14 22:44:44,59234,0.6753593372312076
2024/08/14 22:45:44,59250.1,0.6757265169937474
2024/08/14 22:46:44,59255.8,0.6758565362313645
2024/08/14 22:47:44,59374.1,0.6785578292460062
2024/08/14 22:48:45,59342,0.6778243168798262
2024/08/14 22:49:45,59411.8,0.6794198128981394
2024/08/14 22:50:45,59447.3,0.6802319953037849
2024/08/14 22:51:45,59469.9,0.6807492993800484
2024/08/14 22:52:46,59520.1,0.6818990587783912
2024/08/14 22:53:46,59527.8,0.6820755021104434
2024/08/14 22:54:46,59510.2,0.6816722366040221
2024/08/14 22:55:46,59534.1,0.6822198818136844
2024/08/14 22:56:46,59494.2,0.6813057350771425
2024/08/14 22:57:47,59483.9,0.6810698518609827
2024/08/14 22:58:47,59482.1,0.6810286337436461
2024/08/14 22:59:47,59499.9,0.681436289945406
2024/08/14 23:00:47,59461.9,0.6805661604108398
2024/08/14 23:01:48,59475,0.68086606333272
2024/08/14 23:02:48,59450,0.6802937867760844
2024/08/14 23:03:48,59536,0.6822634278976769
2024/08/14 23:04:48,59599.9,0.6837287607779472
2024/08/14 23:05:49,59529.9,0.6821236269804888
2024/08/14 23:06:49,59429.2,0.6798178360481407
2024/08/14 23:07:49,59411.8,0.6794198128981394
2024/08/14 23:08:49,59312.4,0.6771482831808512
2024/08/14 23:09:50,59213.7,0.6748965136733289
2024/08/14 23:10:50,59229.7,0.6752612874711785
2024/08/14 23:11:50,59192.5,0.6744133401911141
2024/08/14 23:12:50,59249.1,0.6757037078908202
2024/08/14 23:13:51,59257.4,0.6758930351076711
2024/08/14 23:14:51,59249.9,0.6757219551423648
2024/08/14 23:15:51,59262.1,0.6760002562562486
2024/08/14 23:16:51,59265.3,0.6760732627552976
2024/08/14 23:17:51,59273.5,0.6762603599024379
2024/08/14 23:18:52,59270.1,0.6761827798952249
2024/08/14 23:19:52,59343.9,0.6778677224549463
2024/08/14 23:20:52,59326,0.6774588513744185
2024/08/14 23:21:52,59330.1,0.6775524925189248
2024/08/14 23:22:53,59394.2,0.6790173333390416
2024/08/14 23:23:53,59328.4,0.6775136649175787
2024/08/14 23:24:53,59283.8,0.6764954088502967
2024/08/14 23:25:53,59267.1,0.6761143306433611
2024/08/14 23:26:53,59176,0.6740374050924205
2024/08/14 23:27:54,59132.1,0.6730377002711446
2024/08/14 23:28:54,59091.7,0.6721183541115565
2024/08/14 23:29:54,59074.8,0.6717339625337954
2024/08/14 23:30:54,59101.1,0.6723322052967133
2024/08/14 23:31:55,59096.1,0.6722184504316808
2024/08/14 23:32:55,59145.5,0.6733427706831115
2024/08/14 23:33:55,58993.9,0.6698954098053463
2024/08/14 23:34:55,59079.7,0.6718454020282713
2024/08/14 23:35:56,59013.2,0.6703337973770558
2024/08/14 23:36:56,58921.4,0.6682498981855011
2024/08/14 23:37:56,59016,0.6703974095573858
2024/08/14 23:38:56,59264.4,0.6760527292789998
2024/08/14 23:39:56,59293.9,0.6767259334001501
2024/08/14 23:40:57,59456.1,0.6804334000645176
2024/08/14 23:41:57,59660.2,0.6851129812497176
2024/08/14 23:42:58,59616,0.6840982083734725
2024/08/14 23:43:58,59558.6,0.6827815036852077
2024/08/14 23:44:58,59666.6,0.6852599790225652
2024/08/14 23:45:59,59817.2,0.6887235714757056
2024/08/14 23:46:59,59694.1,0.6858917895202148
2024/08/14 23:47:59,59625.6,0.6843185475969006
2024/08/14 23:48:59,59623.9,0.6842795266077027
2024/08/14 23:50:00,59525.9,0.682031962024227
2024/08/14 23:51:00,59733.5,0.6867975090101095
2024/08/14 23:52:00,59732,0.6867630163609726
2024/08/14 23:53:00,59769.8,0.6876324952330939
2024/08/14 23:54:01,59614.3,0.6840591936669257
2024/08/14 23:55:01,59584.5,0.6833754694949487
2024/08/14 23:56:01,59503.5,0.6815187520960144
2024/08/14 23:57:01,59546,0.6824926407189248
2024/08/14 23:58:02,59503.2,0.6815118800595719
2024/08/14 23:59:02,59481.9,0.6810240540298244
